User_ID,Name,Phone,Email,Password_Hash,Prebooked,Prebooked_Slot,vehicle_number,vehicle_type,is_ev,Role,Booking_Start,Booking_End,Duration_Hrs
U9342,Rick Hernandez,001-338-982-5572,latkinson@yahoo.com,74990e15020a90b0007f1bc0b4c52952da706d008abe9e904579f445cbda4691,False,,516EM,Truck,True,User,2025-04-02 00:52:11,2025-04-02 02:52:11,2.0
U5250,Kevin Flowers,+1-256-501-4948x69800,hhicks@gmail.com,7a99ef0f8dfcaea3264cbd436089ea5fb61afd4925cbe10250087ecdcd52f147,False,,QSZ-980,Sedan,True,User,2025-04-04 17:36:04,2025-04-04 21:36:04,4.0
U6570,George Ford,2276226813,monicawhite@nelson.com,61db84054d602f4d0acee7836a520c80ab3b15f2f18914f9bb327080f9e28cfd,True,PS7738,6-3924P,Sedan,False,User,2025-04-03 19:41:28,2025-04-03 21:41:28,2.0
U9138,Elizabeth Andrews,(413)356-1068x493,audreyfields@dyer-wright.com,7dad52166809c5001b52ae4c12fb0d7439c642db3012593bd09b08a4d3678343,True,PS6128,C63 6MK,SUV,False,Admin,2025-04-04 19:15:05,2025-04-04 23:15:05,4.0
U7011,Mrs. Angela Hicks,+1-932-237-9882x15799,uhoward@yahoo.com,98204928ade55cad0f49e68bf1dba7dfd4d1a13ca8e29ca6ab32dd9684d0d856,False,,MXY 930,Sedan,False,Admin,2025-04-02 05:44:02,2025-04-02 08:44:02,3.0
U3092,Diana Bowen,027-147-5695x8739,patricia19@gmail.com,5bfe00235829ca87487501621afbd260b6e9362e633f062c39d2296720338c55,False,,025 JER,Truck,False,Admin,2025-04-04 21:18:56,2025-04-05 00:18:56,3.0
U9071,Nicole Cervantes,+1-863-379-4647x22811,kgordon@king.info,ce1970ac5568bcd7a8aa3a985ab96b67704586c3a574031bd54074e65c396cd4,True,PS3068,KXY 201,SUV,True,Admin,2025-04-05 02:35:29,2025-04-05 04:35:29,2.0
U4227,Gregory Castro,989-521-2702x491,iwilliams@graham.net,09cb6a3ab6ee41ed65c0d9a15ca6ffa417f6f4b9c8407dc55c644e5f13ea7bb7,True,PS5762,6N DB060,Truck,True,Admin,2025-04-01 12:57:36,2025-04-01 14:57:36,2.0
U6787,Monica Schmitt,585-474-7451,yangcurtis@peterson-williams.biz,cbc117417b6358955cbc059bbcb45aa24eb757f81f8349087c010ca4c475b586,True,PS6280,7J 92041,Compact,True,User,2025-04-02 21:01:43,2025-04-03 00:01:43,3.0
U8939,Ronald Christian,1023047792,djones@yahoo.com,0f29ea907f34346773e4e312371e08058c0ae893ae164c9b96bc546e0081e1b8,False,,735 AHU,SUV,False,Admin,2025-04-02 01:43:23,2025-04-02 04:43:23,3.0
U8456,Jasmine Diaz,+1-670-957-1528x582,angelaortiz@yahoo.com,6f4ef8df10e931e262108dcf6eaef67295c4c141cd681149dde541f45e2b05f9,False,,7AE S40,Sedan,False,Admin,2025-04-04 20:03:33,2025-04-05 01:03:33,5.0
U3753,Jasmine Martin,001-086-539-9331x818,obennett@yahoo.com,e58560acbd8da5ee634ee6944686d7f6e6a3100c13bf4defa19ce8c6f4fcaa03,False,,UA5 2729,Sedan,False,User,2025-04-03 20:16:44,2025-04-03 22:16:44,2.0
U1064,Michele Mueller,176.066.2465x67007,rgarner@gmail.com,ceccadd5ecf52acdcdfd1f636ccf3f14000efd31cbc6c4b9ea2ef83f8aff947e,False,,251 QJN,Sedan,True,Admin,2025-04-02 17:17:33,2025-04-02 20:17:33,3.0
U3321,Richard Alexander,046.134.3378x90193,adamstheresa@hotmail.com,1ddf644304c3b2afa665bfe0a4fefad4cd4a0b76886f51e5f8989308285929c5,False,,9-7756J,Truck,False,User,2025-04-02 09:49:00,2025-04-02 14:49:00,5.0
U9671,Brittany Myers,(243)091-9793,slee@mahoney.com,04f3e49971ff5d58ba0c9738ac9cd2733c1ce3f576b1da48b7769f105bf9d92d,True,PS8691,293-CFN,Truck,True,User,2025-04-02 04:52:31,2025-04-02 05:52:31,1.0
U3598,Rebecca Escobar,253-233-2492,qmarshall@yahoo.com,45d104cf9411d551b7c8fea27ba02b707756781f53a468f8cee5a0c23e22e3e6,False,,569 VEO,Truck,True,User,2025-04-01 04:47:02,2025-04-01 09:47:02,5.0
U3850,Sarah Griffith,665.289.4564,jmurphy@yahoo.com,b725fdc43ea7116559cc01b68c6aa91e19d5a7fc4d199ee2944819a089e007bc,False,,3S176,SUV,False,User,2025-04-04 23:40:47,2025-04-05 03:40:47,4.0
U7090,Christopher Joseph,001-745-140-2971x2245,kosborne@hotmail.com,d4da37d5e6337f51b88830aa3f91b0224b8004f857b861566dc08724ea854132,True,PS7162,805-SBD,Truck,True,User,2025-04-03 20:38:44,2025-04-03 22:38:44,2.0
U4501,Jeremy Castro,+1-726-185-6292x8608,gmarks@yahoo.com,5c895a12f602af0f5e50112ddca6f6f7f060621d03e20fd2452963660cb02aa0,True,PS1718,QUD-763,SUV,False,User,2025-04-04 12:56:48,2025-04-04 13:56:48,1.0
U8365,Christy York,001-224-489-3598,jenniferestrada@yahoo.com,11e95bb1de732f0b2f9fed685fa5ca91896abac3f931644d5c9b1e9dabea3059,True,PS5198,957 IUA,SUV,True,User,2025-04-02 12:41:44,2025-04-02 14:41:44,2.0
U6806,Michael Morales,830-569-3210x246,cynthia02@gmail.com,c58d49ea133fac11feae68d18722ed0caacd7ca471b417e121b91b868b5ebaa0,False,,247 VY1,Compact,True,Admin,2025-04-03 14:15:28,2025-04-03 15:15:28,1.0
U6364,Matthew Washington,(886)588-2943,amanda69@taylor.com,036d8484bfc7a288687cd6d80260e9b938ba79e243e12af1e47dc49409e466b8,True,PS9359,1IE8881,Truck,False,User,2025-04-04 08:51:02,2025-04-04 13:51:02,5.0
U3233,Susan Boyd,001-607-066-9345x8910,torresanne@gmail.com,e7aee4f370889f3e836fcd41cb5fa1981efc351fba603ddbd74971a4a60b4358,True,PS4115,815 PYQ,Truck,True,Admin,2025-04-02 18:37:49,2025-04-02 19:37:49,1.0
U2738,Cole Lawrence,(504)351-8191x7089,qgomez@hotmail.com,54e41005a44ef3d59eead0f45baa3019e113f1ae0da5dde4afac4a3e7d81bf4d,False,,O19-OET,SUV,False,Admin,2025-04-03 16:12:51,2025-04-03 19:12:51,3.0
U5527,Brian Johnson,001-484-176-7282x1479,kjenkins@gmail.com,a0b2d284c234ab117d223963ec10a4b49c999550a64a767141c547fe4f8c2f77,True,PS4299,018L,Truck,False,Admin,2025-04-04 10:30:37,2025-04-04 14:30:37,4.0
U5762,Jennifer Johnson,001-442-520-7852x3234,scotttiffany@hotmail.com,27b604ff4fbb46759b1c4731d880e064d7c5b684eb21c69a75e6313cf7b171dc,False,,0-2092C,Sedan,True,User,2025-04-03 16:16:11,2025-04-03 17:16:11,1.0
U9106,Maxwell Johnson,011-114-8263x817,nhoward@gmail.com,f211c7fbd1f33491cb2f69399e9af22cb0eaaece22fd32a8422fffb538963dc4,True,PS6581,EKK-477,Truck,True,Admin,2025-04-02 01:59:27,2025-04-02 03:59:27,2.0
U1429,Christopher Flores,(836)766-2700x024,valentineantonio@gmail.com,b9ee7208321c4bfbecb28d31204c15d2cb329f771e5e02ccacc82f278ca334aa,True,PS6295,M13 9PF,Truck,True,Admin,2025-04-02 12:18:40,2025-04-02 17:18:40,5.0
U6013,Kelly Neal,001-395-619-4787x16978,jenniferware@gmail.com,39afd0600f80934857e0e52bf4624037c12e3b7f46a38529a8b84761494638f7,False,,BDQ-0998,Sedan,False,Admin,2025-04-04 12:13:13,2025-04-04 13:13:13,1.0
U1521,Susan Richards,980.633.1961,wmccann@luna.net,9eb4f03838518b00c0c8484a96c1a24bc735b1a7f6007c91ef6e1d568a6d66cb,True,PS9098,281-ONS,Truck,False,Admin,2025-04-02 23:40:59,2025-04-03 01:40:59,2.0
U7206,Scott Meyer,(601)713-8750x21180,allisonallen@chavez.com,692cb228a9a75eda67afd2fb4894d68a5191fa365901361f4f4cfbd263af4a38,True,PS2112,4WQD074,Compact,True,Admin,2025-04-04 09:23:22,2025-04-04 14:23:22,5.0
U6746,Brittany Peterson,001-594-496-8903x04141,xdecker@mckinney.com,ed6717197eabdf4a70655478ee8dbd8fa3bf46435899d4cf5665c4d48389437f,False,,91A 278,Truck,True,Admin,2025-04-03 21:46:01,2025-04-04 02:46:01,5.0
U8203,Timothy Baker,(021)175-2182x187,aprilgutierrez@hotmail.com,53bcbec4fd4294917241f278fd3cd96d365729089a24acc3e31b247f1b2453bf,True,PS6730,ISZ4443,SUV,True,Admin,2025-04-03 03:48:05,2025-04-03 07:48:05,4.0
U1701,Edward Howell,0872762467,jennifer88@gmail.com,9d7cfd01f48315883e6be80f45d42281f6535dbdd5e6431074f51ed5a405ece1,True,PS1795,625-UER,SUV,True,Admin,2025-04-04 12:28:45,2025-04-04 16:28:45,4.0
U4285,Randy Gilbert,515-015-3070x6882,woodmichelle@gmail.com,7acd99e64bb603b343c576d8822f5d6656ff175b528615ac0f8a85874cea4ef3,True,PS7721,318 HNP,SUV,True,User,2025-04-01 05:11:05,2025-04-01 09:11:05,4.0
U1255,Elizabeth Henderson,102.181.7291,jennifer47@gmail.com,d360ea0cdced5b052ccedf0e1c79361ca7f626c04381a0ee94ab86651b5df96e,False,,30Z 5472,Compact,True,Admin,2025-04-01 01:59:36,2025-04-01 06:59:36,5.0
U3300,Jeffrey Terry,410.758.5801,michael06@hotmail.com,d83181a32693f7089d84fde9377f6da32dc16de0038e1f12a1f30b09cd897d5f,False,,0LBD971,Sedan,False,Admin,2025-04-02 06:51:21,2025-04-02 08:51:21,2.0
U5900,Sara Butler,417-517-9167,weekstheresa@kennedy-mitchell.com,8047992f10d94a5460a8d23a9051daffdfc095db610ffbe4c4fef4961dcd8620,True,PS6818,ISK-872,Truck,False,Admin,2025-04-04 05:17:33,2025-04-04 08:17:33,3.0
U3934,Michael Schmidt,997.719.0330x605,jeremiah03@yahoo.com,b858dcc88cf411b54cd8dab93a622eec73942506f0d4adf18239000efc80eaf4,True,PS3632,SFH-037,SUV,False,User,2025-04-02 04:43:01,2025-04-02 08:43:01,4.0
U6630,Shelby Perez,001-333-152-5091x0097,fergusonpatrick@hotmail.com,fa0a77781bb202e96ee590d96ea55242a04f15c47a791b11106c3b06328d68ec,False,,NP 75588,Truck,True,User,2025-04-04 01:25:15,2025-04-04 06:25:15,5.0
U9980,Savannah Morgan,+1-901-616-5546x255,rbest@hotmail.com,eae1b970368e5e46de1856528f584ae7b309fa14eebe2c1e6a985d804b7b7522,False,,4WG1544,SUV,False,Admin,2025-04-03 11:19:44,2025-04-03 16:19:44,5.0
U9478,Jonathan Smith,504.355.2472x50278,lindsay02@perez.com,7f9cbfbd2319c69773f8295c657ee4caded6587ab7b310a00688cfe0ebc754be,False,,IPZ-6410,Compact,True,User,2025-04-02 11:44:59,2025-04-02 15:44:59,4.0
U5797,Wayne Vincent,(369)317-0138x499,frodgers@yahoo.com,7249c520b7feef0edf40038d2c09aa2272e642a9389556a1f8528cf20c673e04,False,,914 ECR,SUV,True,Admin,2025-04-05 02:48:22,2025-04-05 05:48:22,3.0
U6637,Jessica Evans,120-076-3853x55656,wsmith@jones.com,1f6dbedbbc2aa0f70d158e853d0d52e846d13a13671642dc6792a3fe495ef591,True,PS1025,0EO 996,SUV,True,User,2025-04-01 14:10:37,2025-04-01 19:10:37,5.0
U9131,Yolanda Pierce,(523)747-4303,bradhenderson@gmail.com,0a3c7a6cb8f8b8b84629ce41767068a74541526b4afe31ddfd79fd25421d1f73,False,,3DQ 063,SUV,False,User,2025-04-05 01:40:30,2025-04-05 05:40:30,4.0
U5877,Stephanie Park,567.771.1607,bwilliams@rangel.com,f6ba915d86e1991c54ea25f2b596c9aeca1229ebf0da52a61849cd0343ae65c7,False,,D63-55Q,Sedan,False,Admin,2025-04-03 00:23:49,2025-04-03 02:23:49,2.0
U8128,Christina Poole,135.343.2147x87274,fmartin@hotmail.com,cf26816269ebc59e5edd3bfc2b5f446d6925b1412e37a746ecd981ffe2b3f03a,False,,802 WKV,Sedan,True,User,2025-04-03 14:42:20,2025-04-03 17:42:20,3.0
U4664,Mr. Dennis Schneider,579.191.4005x23881,kevincarroll@coffey-walker.com,8d78224895e8369af7fcb5ef8533a1dbe58fb0fce29f3cac3e8b2d37635f2ada,True,PS8904,1640,SUV,True,Admin,2025-04-04 10:23:23,2025-04-04 13:23:23,3.0
U4633,Kathryn Ferrell,001-266-951-3801x78357,shannonwall@phillips.com,0c63c52988a39f22f3408004526db9a1eee4b1d567073e698548015b8eb8eeeb,False,,175-KVN,Truck,False,User,2025-04-04 04:25:58,2025-04-04 06:25:58,2.0
U6697,Amber Drake,386-899-6777x2874,adamcummings@gmail.com,40bb159c582050df275ef1801372f2337f812f96749fde43e9485ea06f7c7d7d,True,PS7271,ZPZ 958,Compact,False,Admin,2025-04-04 03:09:35,2025-04-04 07:09:35,4.0
user_51,nandikha t,9952908190,nandikhat@gmail.com,d912671e02dfd38f5c72f5c8ab68b6dc266c77596ab84476890c3eb274736093,Yes,,,,,user,,,
user_52,nandikha t,9952908190,nandikhat@gmail.com,d912671e02dfd38f5c72f5c8ab68b6dc266c77596ab84476890c3eb274736093,Yes,,,,,user,,,
